user_supplied_name,submitted_name,data_source_title,score,matched_name2
Acrididae,Acrididae,Encyclopedia of Life,0.75,Acrididae
Acrididae,Acrididae,Catalogue of Life Checklist,0.75,Acrididae
Aderidae,Aderidae,Catalogue of Life Checklist,0.75,Aderidae
Aderidae,Aderidae,Encyclopedia of Life,0.75,Aderidae
Aelothripidae,Aelothripidae,Catalogue of Life Checklist,0.5,Aeolothripidae
Aelothripidae,Aelothripidae,Encyclopedia of Life,0.5,Aeolothripidae
Aetalionidae,Aetalionidae,Encyclopedia of Life,0.75,Aetalionidae
Aetalionidae,Aetalionidae,Catalogue of Life Checklist,0.75,Aetalionidae
Agelenidae,Agelenidae,Catalogue of Life Checklist,0.75,Agelenidae
Agelenidae,Agelenidae,Encyclopedia of Life,0.75,Agelenidae
Agyrtidae,Agyrtidae,Catalogue of Life Checklist,0.75,Agyrtidae
Agyrtidae,Agyrtidae,Encyclopedia of Life,0.75,Agyrtidae
Alloniscidae,Alloniscidae,Encyclopedia of Life,0.75,Alloniscidae
Alloniscidae,Alloniscidae,Catalogue of Life Checklist,0.75,Alloniscidae
Amaurobiidae,Amaurobiidae,Catalogue of Life Checklist,0.75,Amaurobiidae
Amaurobiidae,Amaurobiidae,Encyclopedia of Life,0.75,Amaurobiidae
Ammotrechidae,Ammotrechidae,Encyclopedia of Life,0.75,Ammotrechidae
Ammotrechidae,Ammotrechidae,Catalogue of Life Checklist,0.75,Ammotrechidae
Amphizoidae,Amphizoidae,Catalogue of Life Checklist,0.75,Amphizoidae
Amphizoidae,Amphizoidae,Encyclopedia of Life,0.75,Amphizoidae
Anapidae,Anapidae,Catalogue of Life Checklist,0.75,Anapidae
Anapidae,Anapidae,Encyclopedia of Life,0.75,Anapidae
Anamorphidae,Anamorphidae,Catalogue of Life Checklist,0.75,Anamorphidae
Anamorphidae,Anamorphidae,Encyclopedia of Life,0.75,Anamorphidae
Anobiidae,Anobiidae,Catalogue of Life Checklist,0.75,Anobiidae
Antrodiaetidae,Antrodiaetidae,Catalogue of Life Checklist,0.75,Antrodiaetidae
Antrodiaetidae,Antrodiaetidae,Encyclopedia of Life,0.75,Antrodiaetidae
Anyphaenidae,Anyphaenidae,Catalogue of Life Checklist,0.75,Anyphaenidae
Anyphaenidae,Anyphaenidae,Encyclopedia of Life,0.75,Anyphaenidae
Aphididae,Aphididae,Encyclopedia of Life,0.75,Aphididae
Aphididae,Aphididae,Catalogue of Life Checklist,0.75,Aphididae
Aphrophoridae,Aphrophoridae,Catalogue of Life Checklist,0.75,Aphrophoridae
Aphrophoridae,Aphrophoridae,Encyclopedia of Life,0.75,Aphrophoridae
Araneidae,Araneidae,Catalogue of Life Checklist,0.75,Araneidae
Araneidae,Araneidae,Encyclopedia of Life,0.75,Araneidae
Armadillidae,Armadillidae,Encyclopedia of Life,0.75,Armadillidae
Armadillidae,Armadillidae,Catalogue of Life Checklist,0.75,Armadillidae
Armadillidiidae,Armadillidiidae,Encyclopedia of Life,0.75,Armadillidiidae
Armadillidiidae,Armadillidiidae,Catalogue of Life Checklist,0.75,Armadillidiidae
Atemnidae,Atemnidae,Encyclopedia of Life,0.75,Atemnidae
Atemnidae,Atemnidae,Catalogue of Life Checklist,0.75,Atemnidae
Anthicidae,Anthicidae,Catalogue of Life Checklist,0.75,Anthicidae
Anthicidae,Anthicidae,Encyclopedia of Life,0.75,Anthicidae
Berothidae,Berothidae,Catalogue of Life Checklist,0.75,Berothidae
Berothidae,Berothidae,Encyclopedia of Life,0.75,Berothidae
Attelabidae,Attelabidae,Encyclopedia of Life,0.75,Attelabidae
Attelabidae,Attelabidae,Catalogue of Life Checklist,0.75,Attelabidae
Bostrichidae,Bostrichidae,Encyclopedia of Life,0.75,Bostrichidae
Bostrichidae,Bostrichidae,Catalogue of Life Checklist,0.75,Bostrichidae
Bothrideridae,Bothrideridae,Catalogue of Life Checklist,0.75,Bothrideridae
Bothrideridae,Bothrideridae,Encyclopedia of Life,0.75,Bothrideridae
Buthidae,Buthidae,Encyclopedia of Life,0.75,Buthidae
Buthidae,Buthidae,Catalogue of Life Checklist,0.75,Buthidae
Buprestidae,Buprestidae,Catalogue of Life Checklist,0.75,Buprestidae
Buprestidae,Buprestidae,Encyclopedia of Life,0.75,Buprestidae
Caponiidae,Caponiidae,Catalogue of Life Checklist,0.75,Caponiidae
Caponiidae,Caponiidae,Encyclopedia of Life,0.75,Caponiidae
Cantharidae,Cantharidae,Catalogue of Life Checklist,0.75,Cantharidae
Cantharidae,Cantharidae,Encyclopedia of Life,0.75,Cantharidae
Carcinophoridae,Carcinophoridae,Encyclopedia of Life,0.75,Carcinophoridae
Carabidae,Carabidae,Encyclopedia of Life,0.75,Carabidae
Carabidae,Carabidae,Catalogue of Life Checklist,0.75,Carabidae
Cercopidae,Cercopidae,Catalogue of Life Checklist,0.75,Cercopidae
Cercopidae,Cercopidae,Encyclopedia of Life,0.75,Cercopidae
Cheiridiidae,Cheiridiidae,Encyclopedia of Life,0.75,Cheiridiidae
Cheiridiidae,Cheiridiidae,Catalogue of Life Checklist,0.75,Cheiridiidae
Chelisochidae,Chelisochidae,Encyclopedia of Life,0.75,Chelisochidae
Chelisochidae,Chelisochidae,Catalogue of Life Checklist,0.75,Chelisochidae
Cerambycidae,Cerambycidae,Catalogue of Life Checklist,0.75,Cerambycidae
Cerambycidae,Cerambycidae,Encyclopedia of Life,0.75,Cerambycidae
Chrysopidae,Chrysopidae,Catalogue of Life Checklist,0.75,Chrysopidae
Chrysopidae,Chrysopidae,Encyclopedia of Life,0.75,Chrysopidae
Chthoniidae,Chthoniidae,Encyclopedia of Life,0.75,Chthoniidae
Chthoniidae,Chthoniidae,Catalogue of Life Checklist,0.75,Chthoniidae
Cicadellidae,Cicadellidae,Encyclopedia of Life,0.75,Cicadellidae
Cicadellidae,Cicadellidae,Catalogue of Life Checklist,0.75,Cicadellidae
Clastopteridae,Clastopteridae,Catalogue of Life Checklist,0.75,Clastopteridae
Clastopteridae,Clastopteridae,Encyclopedia of Life,0.75,Clastopteridae
Chrysomelidae,Chrysomelidae,Encyclopedia of Life,0.75,Chrysomelidae
Chrysomelidae,Chrysomelidae,Catalogue of Life Checklist,0.75,Chrysomelidae
Clubionidae,Clubionidae,Catalogue of Life Checklist,0.75,Clubionidae
Clubionidae,Clubionidae,Encyclopedia of Life,0.75,Clubionidae
Coniopterygidae,Coniopterygidae,Catalogue of Life Checklist,0.75,Coniopterygidae
Coniopterygidae,Coniopterygidae,Encyclopedia of Life,0.75,Coniopterygidae
Corinnidae,Corinnidae,Catalogue of Life Checklist,0.75,Corinnidae
Corinnidae,Corinnidae,Encyclopedia of Life,0.75,Corinnidae
Ctenizidae,Ctenizidae,Catalogue of Life Checklist,0.75,Ctenizidae
Ctenizidae,Ctenizidae,Encyclopedia of Life,0.75,Ctenizidae
Cybaeidae,Cybaeidae,Catalogue of Life Checklist,0.75,Cybaeidae
Cybaeidae,Cybaeidae,Encyclopedia of Life,0.75,Cybaeidae
Cyrtaucheniidae,Cyrtaucheniidae,Catalogue of Life Checklist,0.75,Cyrtaucheniidae
Cyrtaucheniidae,Cyrtaucheniidae,Encyclopedia of Life,0.75,Cyrtaucheniidae
Cleridae,Cleridae,Catalogue of Life Checklist,0.75,Cleridae
Cleridae,Cleridae,Encyclopedia of Life,0.75,Cleridae
Desidae,Desidae,Catalogue of Life Checklist,0.75,Desidae
Desidae,Desidae,Encyclopedia of Life,0.75,Desidae
Dictynidae,Dictynidae,Catalogue of Life Checklist,0.75,Dictynidae
Dictynidae,Dictynidae,Encyclopedia of Life,0.75,Dictynidae
Diguetidae,Diguetidae,Catalogue of Life Checklist,0.75,Diguetidae
Diguetidae,Diguetidae,Encyclopedia of Life,0.75,Diguetidae
Dilaridae,Dilaridae,Catalogue of Life Checklist,0.75,Dilaridae
Dilaridae,Dilaridae,Encyclopedia of Life,0.75,Dilaridae
Dysderidae,Dysderidae,Catalogue of Life Checklist,0.75,Dysderidae
Dysderidae,Dysderidae,Encyclopedia of Life,0.75,Dysderidae
Eremobatidae,Eremobatidae,Encyclopedia of Life,0.75,Eremobatidae
Eremobatidae,Eremobatidae,Catalogue of Life Checklist,0.75,Eremobatidae
Fauriellidae,Fauriellidae,Encyclopedia of Life,0.75,Fauriellidae
Fauriellidae,Fauriellidae,Catalogue of Life Checklist,0.75,Fauriellidae
Filistatidae,Filistatidae,Catalogue of Life Checklist,0.75,Filistatidae
Filistatidae,Filistatidae,Encyclopedia of Life,0.75,Filistatidae
Forficulidae,Forficulidae,Encyclopedia of Life,0.75,Forficulidae
Forficulidae,Forficulidae,Catalogue of Life Checklist,0.75,Forficulidae
Formicidae,Formicidae,Catalogue of Life Checklist,0.75,Formicidae
Formicidae,Formicidae,Encyclopedia of Life,0.75,Formicidae
Garypidae,Garypidae,Encyclopedia of Life,0.75,Garypidae
Garypidae,Garypidae,Catalogue of Life Checklist,0.75,Garypidae
Gnaphosidae,Gnaphosidae,Catalogue of Life Checklist,0.75,Gnaphosidae
Gnaphosidae,Gnaphosidae,Encyclopedia of Life,0.75,Gnaphosidae
Gryllacrididae,Gryllacrididae,Encyclopedia of Life,0.75,Gryllacrididae
Gryllacrididae,Gryllacrididae,Catalogue of Life Checklist,0.75,Gryllacrididae
Gryllidae,Gryllidae,Encyclopedia of Life,0.75,Gryllidae
Gryllidae,Gryllidae,Catalogue of Life Checklist,0.75,Gryllidae
Gryllotalpidae,Gryllotalpidae,Encyclopedia of Life,0.75,Gryllotalpidae
Gryllotalpidae,Gryllotalpidae,Catalogue of Life Checklist,0.75,Gryllotalpidae
Coccinellidae,Coccinellidae,Catalogue of Life Checklist,0.75,Coccinellidae
Coccinellidae,Coccinellidae,Encyclopedia of Life,0.75,Coccinellidae
Hahniidae,Hahniidae,Catalogue of Life Checklist,0.75,Hahniidae
Hahniidae,Hahniidae,Encyclopedia of Life,0.75,Hahniidae
Hemerobiidae,Hemerobiidae,Catalogue of Life Checklist,0.75,Hemerobiidae
Hemerobiidae,Hemerobiidae,Encyclopedia of Life,0.75,Hemerobiidae
Cryptophagidae,Cryptophagidae,Catalogue of Life Checklist,0.75,Cryptophagidae
Cryptophagidae,Cryptophagidae,Encyclopedia of Life,0.75,Cryptophagidae
Cucujidae,Cucujidae,Catalogue of Life Checklist,0.75,Cucujidae
Cucujidae,Cucujidae,Encyclopedia of Life,0.75,Cucujidae
Cupedidae,Cupedidae,Encyclopedia of Life,0.75,Cupedidae
Cupedidae,Cupedidae,Catalogue of Life Checklist,0.75,Cupedidae
Homalonychidae,Homalonychidae,Catalogue of Life Checklist,0.75,Homalonychidae
Homalonychidae,Homalonychidae,Encyclopedia of Life,0.75,Homalonychidae
Hypochilidae,Hypochilidae,Catalogue of Life Checklist,0.75,Hypochilidae
Hypochilidae,Hypochilidae,Encyclopedia of Life,0.75,Hypochilidae
Ithonidae,Ithonidae,Catalogue of Life Checklist,0.75,Ithonidae
Ithonidae,Ithonidae,Encyclopedia of Life,0.75,Ithonidae
Iuridae,Iuridae,Encyclopedia of Life,0.75,Iuridae
Iuridae,Iuridae,Catalogue of Life Checklist,0.75,Iuridae
Labiduridae,Labiduridae,Encyclopedia of Life,0.75,Labiduridae
Labiduridae,Labiduridae,Catalogue of Life Checklist,0.75,Labiduridae
Labiidae,Labiidae,Encyclopedia of Life,0.75,Labiidae
Labiidae,Labiidae,Catalogue of Life Checklist,0.75,Labiidae
Lepismatidae,Lepismatidae,Catalogue of Life Checklist,0.75,Lepismatidae
Lepismatidae,Lepismatidae,Encyclopedia of Life,0.75,Lepismatidae
Leptonetidae,Leptonetidae,Catalogue of Life Checklist,0.75,Leptonetidae
Leptonetidae,Leptonetidae,Encyclopedia of Life,0.75,Leptonetidae
Leptopodidae,Leptopodidae,Encyclopedia of Life,0.75,Leptopodidae
Leptopodidae,Leptopodidae,Catalogue of Life Checklist,0.75,Leptopodidae
Ligiidae,Ligiidae,Encyclopedia of Life,0.75,Ligiidae
Ligiidae,Ligiidae,Catalogue of Life Checklist,0.75,Ligiidae
Linyphiidae,Linyphiidae,Catalogue of Life Checklist,0.75,Linyphiidae
Linyphiidae,Linyphiidae,Encyclopedia of Life,0.75,Linyphiidae
Liocranidae,Liocranidae,Catalogue of Life Checklist,0.75,Liocranidae
Liocranidae,Liocranidae,Encyclopedia of Life,0.75,Liocranidae
Lycosidae,Lycosidae,Catalogue of Life Checklist,0.75,Lycosidae
Lycosidae,Lycosidae,Encyclopedia of Life,0.75,Lycosidae
Machilidae,Machilidae,Catalogue of Life Checklist,0.75,Machilidae
Machilidae,Machilidae,Encyclopedia of Life,0.75,Machilidae
Maindroniidae,Maindroniidae,Encyclopedia of Life,0.75,Maindroniidae
Mecicobothriidae,Mecicobothriidae,Catalogue of Life Checklist,0.75,Mecicobothriidae
Mecicobothriidae,Mecicobothriidae,Encyclopedia of Life,0.75,Mecicobothriidae
Meinertellidae,Meinertellidae,Catalogue of Life Checklist,0.75,Meinertellidae
Meinertellidae,Meinertellidae,Encyclopedia of Life,0.75,Meinertellidae
Melanothripidae,Melanothripidae,Encyclopedia of Life,0.75,Melanothripidae
Membracidae,Membracidae,Catalogue of Life Checklist,0.75,Membracidae
Membracidae,Membracidae,Encyclopedia of Life,0.75,Membracidae
Merothripidae,Merothripidae,Encyclopedia of Life,0.75,Merothripidae
Merothripidae,Merothripidae,Catalogue of Life Checklist,0.75,Merothripidae
Mimetidae,Mimetidae,Catalogue of Life Checklist,0.75,Mimetidae
Mimetidae,Mimetidae,Encyclopedia of Life,0.75,Mimetidae
Miturgidae,Miturgidae,Catalogue of Life Checklist,0.75,Miturgidae
Miturgidae,Miturgidae,Encyclopedia of Life,0.75,Miturgidae
Mogoplistidae,Mogoplistidae,Encyclopedia of Life,0.75,Mogoplistidae
Mogoplistidae,Mogoplistidae,Catalogue of Life Checklist,0.75,Mogoplistidae
Mutillidae,Mutillidae,Catalogue of Life Checklist,0.75,Mutillidae
Mutillidae,Mutillidae,Encyclopedia of Life,0.75,Mutillidae
Myrmeleontidae,Myrmeleontidae,Catalogue of Life Checklist,0.75,Myrmeleontidae
Myrmeleontidae,Myrmeleontidae,Encyclopedia of Life,0.75,Myrmeleontidae
Mysmenidae,Mysmenidae,Catalogue of Life Checklist,0.75,Mysmenidae
Mysmenidae,Mysmenidae,Encyclopedia of Life,0.75,Mysmenidae
Nemesiidae,Nemesiidae,Catalogue of Life Checklist,0.75,Nemesiidae
Nemesiidae,Nemesiidae,Encyclopedia of Life,0.75,Nemesiidae
Neobisiidae,Neobisiidae,Encyclopedia of Life,0.75,Neobisiidae
Neobisiidae,Neobisiidae,Catalogue of Life Checklist,0.75,Neobisiidae
Nesticidae,Nesticidae,Catalogue of Life Checklist,0.75,Nesticidae
Nesticidae,Nesticidae,Encyclopedia of Life,0.75,Nesticidae
Nicoletiidae,Nicoletiidae,Catalogue of Life Checklist,0.75,Nicoletiidae
Nicoletiidae,Nicoletiidae,Encyclopedia of Life,0.75,Nicoletiidae
Oecobiidae,Oecobiidae,Catalogue of Life Checklist,0.75,Oecobiidae
Oecobiidae,Oecobiidae,Encyclopedia of Life,0.75,Oecobiidae
Oonopidae,Oonopidae,Catalogue of Life Checklist,0.75,Oonopidae
Oonopidae,Oonopidae,Encyclopedia of Life,0.75,Oonopidae
Oxyopidae,Oxyopidae,Catalogue of Life Checklist,0.75,Oxyopidae
Oxyopidae,Oxyopidae,Encyclopedia of Life,0.75,Oxyopidae
Pentatomidae,Pentatomidae,Catalogue of Life Checklist,0.75,Pentatomidae
Pentatomidae,Pentatomidae,Encyclopedia of Life,0.75,Pentatomidae
Philodromidae,Philodromidae,Catalogue of Life Checklist,0.75,Philodromidae
Philodromidae,Philodromidae,Encyclopedia of Life,0.75,Philodromidae
Phlaeothripidae,Phlaeothripidae,Encyclopedia of Life,0.75,Phlaeothripidae
Phlaeothripidae,Phlaeothripidae,Catalogue of Life Checklist,0.75,Phlaeothripidae
Pholcidae,Pholcidae,Catalogue of Life Checklist,0.75,Pholcidae
Pholcidae,Pholcidae,Encyclopedia of Life,0.75,Pholcidae
Pimoidae,Pimoidae,Catalogue of Life Checklist,0.75,Pimoidae
Pimoidae,Pimoidae,Encyclopedia of Life,0.75,Pimoidae
Pisauridae,Pisauridae,Catalogue of Life Checklist,0.75,Pisauridae
Pisauridae,Pisauridae,Encyclopedia of Life,0.75,Pisauridae
Platyarthridae,Platyarthridae,Encyclopedia of Life,0.75,Platyarthridae
Platyarthridae,Platyarthridae,Catalogue of Life Checklist,0.75,Platyarthridae
Plectreuridae,Plectreuridae,Catalogue of Life Checklist,0.75,Plectreuridae
Plectreuridae,Plectreuridae,Encyclopedia of Life,0.75,Plectreuridae
Porcellionidae,Porcellionidae,Encyclopedia of Life,0.75,Porcellionidae
Porcellionidae,Porcellionidae,Catalogue of Life Checklist,0.75,Porcellionidae
Prodidomidae,Prodidomidae,Encyclopedia of Life,0.75,Prodidomidae
Prophalangopsidae,Prophalangopsidae,Encyclopedia of Life,0.75,Prophalangopsidae
Prophalangopsidae,Prophalangopsidae,Catalogue of Life Checklist,0.75,Prophalangopsidae
Protrinemuridae,Protrinemuridae,Encyclopedia of Life,0.75,Protrinemuridae
Reduviidae,Reduviidae,Encyclopedia of Life,0.75,Reduviidae
Reduviidae,Reduviidae,Catalogue of Life Checklist,0.75,Reduviidae
Rhaphidophoridae,Rhaphidophoridae,Encyclopedia of Life,0.75,Rhaphidophoridae
Rhaphidophoridae,Rhaphidophoridae,Catalogue of Life Checklist,0.75,Rhaphidophoridae
Romaleidae,Romaleidae,Encyclopedia of Life,0.75,Romaleidae
Romaleidae,Romaleidae,Catalogue of Life Checklist,0.75,Romaleidae
Saldidae,Saldidae,Encyclopedia of Life,0.75,Saldidae
Saldidae,Saldidae,Catalogue of Life Checklist,0.75,Saldidae
Salticidae,Salticidae,Catalogue of Life Checklist,0.75,Salticidae
Salticidae,Salticidae,Encyclopedia of Life,0.75,Salticidae
Scytodidae,Scytodidae,Catalogue of Life Checklist,0.75,Scytodidae
Scytodidae,Scytodidae,Encyclopedia of Life,0.75,Scytodidae
Segestriidae,Segestriidae,Catalogue of Life Checklist,0.75,Segestriidae
Segestriidae,Segestriidae,Encyclopedia of Life,0.75,Segestriidae
Selenopidae,Selenopidae,Catalogue of Life Checklist,0.75,Selenopidae
Selenopidae,Selenopidae,Encyclopedia of Life,0.75,Selenopidae
Sicariidae,Sicariidae,Catalogue of Life Checklist,0.75,Sicariidae
Sicariidae,Sicariidae,Encyclopedia of Life,0.75,Sicariidae
Sparassidae,Sparassidae,Catalogue of Life Checklist,0.75,Sparassidae
Sparassidae,Sparassidae,Encyclopedia of Life,0.75,Sparassidae
Curculionidae,Curculionidae,Encyclopedia of Life,0.75,Curculionidae
Curculionidae,Curculionidae,Catalogue of Life Checklist,0.75,Curculionidae
Cybocephalidae,Cybocephalidae,Catalogue of Life Checklist,0.75,Cybocephalidae
Cybocephalidae,Cybocephalidae,Encyclopedia of Life,0.75,Cybocephalidae
Dascillidae,Dascillidae,Catalogue of Life Checklist,0.75,Dascillidae
Dascillidae,Dascillidae,Encyclopedia of Life,0.75,Dascillidae
Dermestidae,Dermestidae,Catalogue of Life Checklist,0.75,Dermestidae
Dermestidae,Dermestidae,Encyclopedia of Life,0.75,Dermestidae
Dryopidae,Dryopidae,Catalogue of Life Checklist,0.75,Dryopidae
Dryopidae,Dryopidae,Encyclopedia of Life,0.75,Dryopidae
Dytiscidae,Dytiscidae,Encyclopedia of Life,0.75,Dytiscidae
Dytiscidae,Dytiscidae,Catalogue of Life Checklist,0.75,Dytiscidae
Elateridae,Elateridae,Catalogue of Life Checklist,0.75,Elateridae
Elateridae,Elateridae,Encyclopedia of Life,0.75,Elateridae
Elmidae,Elmidae,Encyclopedia of Life,0.75,Elmidae
Elmidae,Elmidae,Catalogue of Life Checklist,0.75,Elmidae
Endomychidae,Endomychidae,Catalogue of Life Checklist,0.75,Endomychidae
Endomychidae,Endomychidae,Encyclopedia of Life,0.75,Endomychidae
Erotylidae,Erotylidae,Catalogue of Life Checklist,0.75,Erotylidae
Erotylidae,Erotylidae,Encyclopedia of Life,0.75,Erotylidae
Eucnemidae,Eucnemidae,Catalogue of Life Checklist,0.75,Eucnemidae
Eucnemidae,Eucnemidae,Encyclopedia of Life,0.75,Eucnemidae
Geotrupidae,Geotrupidae,Encyclopedia of Life,0.75,Geotrupidae
Geotrupidae,Geotrupidae,Catalogue of Life Checklist,0.75,Geotrupidae
Glaphyridae,Glaphyridae,Encyclopedia of Life,0.75,Glaphyridae
Glaphyridae,Glaphyridae,Catalogue of Life Checklist,0.75,Glaphyridae
Gyrinidae,Gyrinidae,Catalogue of Life Checklist,0.75,Gyrinidae
Gyrinidae,Gyrinidae,Encyclopedia of Life,0.75,Gyrinidae
Haliplidae,Haliplidae,Catalogue of Life Checklist,0.75,Haliplidae
Haliplidae,Haliplidae,Encyclopedia of Life,0.75,Haliplidae
Heteroceridae,Heteroceridae,Catalogue of Life Checklist,0.75,Heteroceridae
Heteroceridae,Heteroceridae,Encyclopedia of Life,0.75,Heteroceridae
Histeridae,Histeridae,Encyclopedia of Life,0.75,Histeridae
Histeridae,Histeridae,Catalogue of Life Checklist,0.75,Histeridae
Hydraenidae,Hydraenidae,Catalogue of Life Checklist,0.75,Hydraenidae
Hydraenidae,Hydraenidae,Encyclopedia of Life,0.75,Hydraenidae
Hydrophilidae,Hydrophilidae,Catalogue of Life Checklist,0.75,Hydrophilidae
Hydrophilidae,Hydrophilidae,Encyclopedia of Life,0.75,Hydrophilidae
Hydroscaphidae,Hydroscaphidae,Catalogue of Life Checklist,0.75,Hydroscaphidae
Hydroscaphidae,Hydroscaphidae,Encyclopedia of Life,0.75,Hydroscaphidae
Lampyridae,Lampyridae,Encyclopedia of Life,0.75,Lampyridae
Lampyridae,Lampyridae,Catalogue of Life Checklist,0.75,Lampyridae
Latridiidae,Latridiidae,Catalogue of Life Checklist,0.75,Latridiidae
Latridiidae,Latridiidae,Encyclopedia of Life,0.75,Latridiidae
Leiodidae,Leiodidae,Catalogue of Life Checklist,0.75,Leiodidae
Leiodidae,Leiodidae,Encyclopedia of Life,0.75,Leiodidae
Lucanidae,Lucanidae,Encyclopedia of Life,0.75,Lucanidae
Lucanidae,Lucanidae,Catalogue of Life Checklist,0.75,Lucanidae
Lycidae,Lycidae,Catalogue of Life Checklist,0.75,Lycidae
Lycidae,Lycidae,Encyclopedia of Life,0.75,Lycidae
Melandryidae,Melandryidae,Catalogue of Life Checklist,0.75,Melandryidae
Melandryidae,Melandryidae,Encyclopedia of Life,0.75,Melandryidae
Meloidae,Meloidae,Catalogue of Life Checklist,0.75,Meloidae
Meloidae,Meloidae,Encyclopedia of Life,0.75,Meloidae
Melyridae,Melyridae,Catalogue of Life Checklist,0.75,Melyridae
Melyridae,Melyridae,Encyclopedia of Life,0.75,Melyridae
Mordellidae,Mordellidae,Catalogue of Life Checklist,0.75,Mordellidae
Mordellidae,Mordellidae,Encyclopedia of Life,0.75,Mordellidae
Mycetaeidae,Mycetaeidae,Catalogue of Life Checklist,0.75,Mycetaeidae
Mycetaeidae,Mycetaeidae,Encyclopedia of Life,0.75,Mycetaeidae
Nitidulidae,Nitidulidae,Catalogue of Life Checklist,0.75,Nitidulidae
Nitidulidae,Nitidulidae,Encyclopedia of Life,0.75,Nitidulidae
Noteridae,Noteridae,Catalogue of Life Checklist,0.75,Noteridae
Noteridae,Noteridae,Encyclopedia of Life,0.75,Noteridae
Oedemeridae,Oedemeridae,Catalogue of Life Checklist,0.75,Oedemeridae
Oedemeridae,Oedemeridae,Encyclopedia of Life,0.75,Oedemeridae
Phengodidae,Phengodidae,Encyclopedia of Life,0.75,Phengodidae
Phengodidae,Phengodidae,Catalogue of Life Checklist,0.75,Phengodidae
Pleocomidae,Pleocomidae,Encyclopedia of Life,0.75,Pleocomidae
Pleocomidae,Pleocomidae,Catalogue of Life Checklist,0.75,Pleocomidae
Psephenidae,Psephenidae,Catalogue of Life Checklist,0.75,Psephenidae
Psephenidae,Psephenidae,Encyclopedia of Life,0.75,Psephenidae
Ptiliidae,Ptiliidae,Catalogue of Life Checklist,0.75,Ptiliidae
Ptiliidae,Ptiliidae,Encyclopedia of Life,0.75,Ptiliidae
Rhipiceridae,Rhipiceridae,Catalogue of Life Checklist,0.75,Rhipiceridae
Rhipiceridae,Rhipiceridae,Encyclopedia of Life,0.75,Rhipiceridae
Rhysodidae,Rhysodidae,Catalogue of Life Checklist,0.75,Rhysodidae
Rhysodidae,Rhysodidae,Encyclopedia of Life,0.75,Rhysodidae
Ripiphoridae,Ripiphoridae,Catalogue of Life Checklist,0.75,Ripiphoridae
Ripiphoridae,Ripiphoridae,Encyclopedia of Life,0.75,Ripiphoridae
Scarabaeidae,Scarabaeidae,Encyclopedia of Life,0.75,Scarabaeidae
Scarabaeidae,Scarabaeidae,Catalogue of Life Checklist,0.75,Scarabaeidae
Schizopodidae,Schizopodidae,Catalogue of Life Checklist,0.75,Schizopodidae
Schizopodidae,Schizopodidae,Encyclopedia of Life,0.75,Schizopodidae
Silphidae,Silphidae,Catalogue of Life Checklist,0.75,Silphidae
Silphidae,Silphidae,Encyclopedia of Life,0.75,Silphidae
Silvanidae,Silvanidae,Catalogue of Life Checklist,0.75,Silvanidae
Silvanidae,Silvanidae,Encyclopedia of Life,0.75,Silvanidae
Stenopelmatidae,Stenopelmatidae,Encyclopedia of Life,0.75,Stenopelmatidae
Stenopelmatidae,Stenopelmatidae,Catalogue of Life Checklist,0.75,Stenopelmatidae
Superstitioniidae,Superstitioniidae,Encyclopedia of Life,0.75,Superstitioniidae
Superstitioniidae,Superstitioniidae,Catalogue of Life Checklist,0.75,Superstitioniidae
Talitridae,Talitridae,Encyclopedia of Life,0.75,Talitridae
Talitridae,Talitridae,Catalogue of Life Checklist,0.75,Talitridae
Tanaoceridae,Tanaoceridae,Encyclopedia of Life,0.75,Tanaoceridae
Tanaoceridae,Tanaoceridae,Catalogue of Life Checklist,0.75,Tanaoceridae
Telemidae,Telemidae,Catalogue of Life Checklist,0.75,Telemidae
Telemidae,Telemidae,Encyclopedia of Life,0.75,Telemidae
Staphylinidae,Staphylinidae,Catalogue of Life Checklist,0.75,Staphylinidae
Staphylinidae,Staphylinidae,Encyclopedia of Life,0.75,Staphylinidae
Tengellidae,Tengellidae,Encyclopedia of Life,0.75,Tengellidae
Tetragnathidae,Tetragnathidae,Catalogue of Life Checklist,0.75,Tetragnathidae
Tetragnathidae,Tetragnathidae,Encyclopedia of Life,0.75,Tetragnathidae
Tetrigidae,Tetrigidae,Encyclopedia of Life,0.75,Tetrigidae
Tetrigidae,Tetrigidae,Catalogue of Life Checklist,0.75,Tetrigidae
Tettigoniidae,Tettigoniidae,Encyclopedia of Life,0.75,Tettigoniidae
Tettigoniidae,Tettigoniidae,Catalogue of Life Checklist,0.75,Tettigoniidae
Theraphosidae,Theraphosidae,Catalogue of Life Checklist,0.75,Theraphosidae
Theraphosidae,Theraphosidae,Encyclopedia of Life,0.75,Theraphosidae
Theridiidae,Theridiidae,Catalogue of Life Checklist,0.75,Theridiidae
Theridiidae,Theridiidae,Encyclopedia of Life,0.75,Theridiidae
Thomisidae,Thomisidae,Catalogue of Life Checklist,0.75,Thomisidae
Thomisidae,Thomisidae,Encyclopedia of Life,0.75,Thomisidae
Thripidae,Thripidae,Encyclopedia of Life,0.75,Thripidae
Thripidae,Thripidae,Catalogue of Life Checklist,0.75,Thripidae
Titanoecidae,Titanoecidae,Catalogue of Life Checklist,0.75,Titanoecidae
Titanoecidae,Titanoecidae,Encyclopedia of Life,0.75,Titanoecidae
Tricholepidiidae,Tricholepidiidae,Encyclopedia of Life,0.75,Tricholepidiidae
Trichoniscidae,Trichoniscidae,Encyclopedia of Life,0.75,Trichoniscidae
Trichoniscidae,Trichoniscidae,Catalogue of Life Checklist,0.75,Trichoniscidae
Tridactylidae,Tridactylidae,Encyclopedia of Life,0.75,Tridactylidae
Tridactylidae,Tridactylidae,Catalogue of Life Checklist,0.75,Tridactylidae
Tylidae,Tylidae,Encyclopedia of Life,0.75,Tylidae
Tylidae,Tylidae,Catalogue of Life Checklist,0.75,Tylidae
Uloboridae,Uloboridae,Catalogue of Life Checklist,0.75,Uloboridae
Uloboridae,Uloboridae,Encyclopedia of Life,0.75,Uloboridae
Vaejovidae,Vaejovidae,Encyclopedia of Life,0.75,Vaejovidae
Vaejovidae,Vaejovidae,Catalogue of Life Checklist,0.75,Vaejovidae
Zodariidae,Zodariidae,Catalogue of Life Checklist,0.75,Zodariidae
Zodariidae,Zodariidae,Encyclopedia of Life,0.75,Zodariidae
Zoridae,Zoridae,Encyclopedia of Life,0.75,Zoridae
Tenebrionidae,Tenebrionidae,Catalogue of Life Checklist,0.75,Tenebrionidae
Tenebrionidae,Tenebrionidae,Encyclopedia of Life,0.75,Tenebrionidae
Trogidae,Trogidae,Encyclopedia of Life,0.75,Trogidae
Trogidae,Trogidae,Catalogue of Life Checklist,0.75,Trogidae
Trogossitidae,Trogossitidae,Catalogue of Life Checklist,0.75,Trogossitidae
Trogossitidae,Trogossitidae,Encyclopedia of Life,0.75,Trogossitidae
Zopheridae,Zopheridae,Catalogue of Life Checklist,0.75,Zopheridae
Zopheridae,Zopheridae,Encyclopedia of Life,0.75,Zopheridae
